file_name,MSE,number_of_data_points
test_least_items,4.344671543273535,194
test_most_items,4.33707573849227,186
test_mostrecent,4.430042176532707,1637877
test_nonprolific_users,4.239659298271273,300
test_prolific_users,3.0847056338266534,300
